id,title,summary,published,authors,primary category
http://arxiv.org/abs/cs/9810006v1,The Tiny Tera: A Packet Switch Core,"  The objective is to design and build a small, high-bandwidth switch.
",1998-10-05T17:50:02Z,"[<Element '{http://www.w3.org/2005/Atom}name' at 0x7f8ba701cd10>, <Element '{http://www.w3.org/2005/Atom}name' at 0x7f8ba701c710>, <Element '{http://www.w3.org/2005/Atom}name' at 0x7f8ba701cf50>, <Element '{http://www.w3.org/2005/Atom}name' at 0x7f8ba701cdd0>, <Element '{http://www.w3.org/2005/Atom}name' at 0x7f8ba701cb90>]",cs.NI
http://arxiv.org/abs/1711.00644v1,Startups and Stanford University,"  Startups have become in less than 50 years a major component of innovation
and economic growth. Silicon Valley has been the place where the startup
phenomenon was the most obvious and Stanford University was a major component
of that success. Companies such as Google, Yahoo, Sun Microsystems, Cisco,
Hewlett Packard had very strong links with Stanford but even these vary famous
success stories cannot fully describe the richness and diversity of the
Stanford entrepreneurial activity. This report explores the dynamics of more
than 5000 companies founded by Stanford University alumni and staff, through
their value creation, their field of activities, their growth patterns and
more. The report also explores some features of the founders of these companies
such as their academic background or the number of years between their Stanford
experience and their company creation.
",2017-11-02T08:14:26Z,[<Element '{http://www.w3.org/2005/Atom}name' at 0x7f8ba70894d0>],econ.EM
http://arxiv.org/abs/quant-ph/9703053v1,Can single-photon states violate causality?,"  This paper has been withdrawn.
",1997-03-29T22:14:40Z,"[<Element '{http://www.w3.org/2005/Atom}name' at 0x7f8ba70899b0>, <Element '{http://www.w3.org/2005/Atom}name' at 0x7f8ba7089890>, <Element '{http://www.w3.org/2005/Atom}name' at 0x7f8ba7089770>]",quant-ph
http://arxiv.org/abs/0909.1774v1,Social Systems: Can we Do More Than Just Poke Friends?,"  Social sites have become extremely popular among users but have they
attracted equal attention from the research community? Are they good only for
simple tasks, such as tagging and poking friends? Do they present any new or
interesting research challenges? In this paper, we describe the insights we
have obtained implementing CourseRank, a course evaluation and planning social
system. We argue that more attention should be given to social sites like ours
and that there are many challenges (though not the traditional DBMS ones) that
should be addressed by our community.
",2009-09-09T18:10:01Z,"[<Element '{http://www.w3.org/2005/Atom}name' at 0x7f8ba7082830>, <Element '{http://www.w3.org/2005/Atom}name' at 0x7f8ba70826b0>, <Element '{http://www.w3.org/2005/Atom}name' at 0x7f8ba7082b90>, <Element '{http://www.w3.org/2005/Atom}name' at 0x7f8ba7082e90>, <Element '{http://www.w3.org/2005/Atom}name' at 0x7f8ba7082d10>, <Element '{http://www.w3.org/2005/Atom}name' at 0x7f8ba7082470>, <Element '{http://www.w3.org/2005/Atom}name' at 0x7f8ba7082a70>]",cs.DB
http://arxiv.org/abs/1305.2611v1,Lecture Notes on Free Probability,"  Lecture notes for a graduate course lectured at Stanford University.
",2013-05-12T17:38:59Z,[<Element '{http://www.w3.org/2005/Atom}name' at 0x7f8ba70821d0>],math.PR
http://arxiv.org/abs/math/9807161v1,Four observations on n-triviality and Brunnian links,"  Brunnian links have been known for a long time in knot theory, whereas the
idea of n-triviality is a recent innovation. We illustrate the relationship
between the two concepts with four short theorems.
",1998-07-29T00:26:52Z,[<Element '{http://www.w3.org/2005/Atom}name' at 0x7f8ba7077b90>],math.GT
http://arxiv.org/abs/1109.0778v1,Building-Blocks for Performance Oriented DSLs,"  Domain-specific languages raise the level of abstraction in software
development. While it is evident that programmers can more easily reason about
very high-level programs, the same holds for compilers only if the compiler has
an accurate model of the application domain and the underlying target platform.
Since mapping high-level, general-purpose languages to modern, heterogeneous
hardware is becoming increasingly difficult, DSLs are an attractive way to
capitalize on improved hardware performance, precisely by making the compiler
reason on a higher level. Implementing efficient DSL compilers is a daunting
task however, and support for building performance-oriented DSLs is urgently
needed. To this end, we present the Delite Framework, an extensible toolkit
that drastically simplifies building embedded DSLs and compiling DSL programs
for execution on heterogeneous hardware. We discuss several building blocks in
some detail and present experimental results for the OptiML machine-learning
DSL implemented on top of Delite.
",2011-09-05T01:56:34Z,"[<Element '{http://www.w3.org/2005/Atom}name' at 0x7f8ba70772f0>, <Element '{http://www.w3.org/2005/Atom}name' at 0x7f8ba7077110>, <Element '{http://www.w3.org/2005/Atom}name' at 0x7f8ba7065b30>, <Element '{http://www.w3.org/2005/Atom}name' at 0x7f8ba70658f0>, <Element '{http://www.w3.org/2005/Atom}name' at 0x7f8ba7065f50>, <Element '{http://www.w3.org/2005/Atom}name' at 0x7f8ba7065dd0>, <Element '{http://www.w3.org/2005/Atom}name' at 0x7f8ba7065cb0>]",cs.PL
http://arxiv.org/abs/1709.02802v1,Towards Proving the Adversarial Robustness of Deep Neural Networks,"  Autonomous vehicles are highly complex systems, required to function reliably
in a wide variety of situations. Manually crafting software controllers for
these vehicles is difficult, but there has been some success in using deep
neural networks generated using machine-learning. However, deep neural networks
are opaque to human engineers, rendering their correctness very difficult to
prove manually; and existing automated techniques, which were not designed to
operate on neural networks, fail to scale to large systems. This paper focuses
on proving the adversarial robustness of deep neural networks, i.e. proving
that small perturbations to a correctly-classified input to the network cannot
cause it to be misclassified. We describe some of our recent and ongoing work
on verifying the adversarial robustness of networks, and discuss some of the
open questions we have encountered and how they might be addressed.
",2017-09-08T06:34:44Z,"[<Element '{http://www.w3.org/2005/Atom}name' at 0x7f8ba70651d0>, <Element '{http://www.w3.org/2005/Atom}name' at 0x7f8ba7065110>, <Element '{http://www.w3.org/2005/Atom}name' at 0x7f8ba705d830>, <Element '{http://www.w3.org/2005/Atom}name' at 0x7f8ba705dfb0>, <Element '{http://www.w3.org/2005/Atom}name' at 0x7f8ba705dd70>]",cs.LG
http://arxiv.org/abs/hep-ph/9909412v1,Chiral Boson Theory on the Light-Front,"  The {\it front form} framework for describing the quantized theory of chiral
boson is discussed. It avoids the conflict with the requirement of the
principle of microcausality as is found in the conventional equal- time
treatment. The discussion of the Floreanini-Jackiw model and its modified
version for describing the chiral boson becomes very transparent on the
light-front.
",1999-09-17T01:53:37Z,[<Element '{http://www.w3.org/2005/Atom}name' at 0x7f8ba705d350>],hep-ph
http://arxiv.org/abs/1905.04254v1,"Stanford Doggo: An Open-Source, Quasi-Direct-Drive Quadruped","  This paper presents Stanford Doggo, a quasi-direct-drive quadruped capable of
dynamic locomotion. This robot matches or exceeds common performance metrics of
state-of-the-art legged robots. In terms of vertical jumping agility, a measure
of average vertical speed, Stanford Doggo matches the best performing animal
and surpasses the previous best robot by 22%. An overall design architecture is
presented with focus on our quasi-direct-drive design methodology. The hardware
and software to replicate this robot is open-source, requires only hand tools
for manufacturing and assembly, and costs less than $3000.
",2019-05-10T16:49:23Z,"[<Element '{http://www.w3.org/2005/Atom}name' at 0x7f8ba7058d70>, <Element '{http://www.w3.org/2005/Atom}name' at 0x7f8ba7058470>, <Element '{http://www.w3.org/2005/Atom}name' at 0x7f8ba7058b90>, <Element '{http://www.w3.org/2005/Atom}name' at 0x7f8ba7058ad0>]",cs.RO
http://arxiv.org/abs/hep-ex/0106003v1,R Measurements at High Q^2,"  Previous Measurements of R at high Q^2 are reviewed. Recent R measurement
results, including those from the Beijing Spectrometer Experiment, are
described. The present status of R measurements and future measurement
possiblities are summarized.
",2001-06-01T19:00:10Z,[<Element '{http://www.w3.org/2005/Atom}name' at 0x7f8ba7058350>],hep-ex
http://arxiv.org/abs/hep-th/9409146v1,Moduli Space Cohomology and Wavefunctions in 3D Quantum Gravity,"  Wavefunctionals of three dimensional quantum gravity are extracted from the
3D field theoretic analogs of the four dimensional Donaldson polynomials. Our
procedure is generalizable to four and other dimensions. This is a summary of a
talk presented at the Seventh Marcel Grossmann Meeting on General Relativity,
Stanford University, Stanford, CA, USA, July 24 - 30, 1994
",1994-09-23T20:30:25Z,[<Element '{http://www.w3.org/2005/Atom}name' at 0x7f8ba7052ef0>],hep-th
http://arxiv.org/abs/math/9903055v1,On the z-degree of the Kauffman polynomial of a tangle decomposition,"  We give an upper bound on the z-degree of the Kauffman polynomial of a link,
using bridges of length greater than one which are separated in some tangle
decomposition of a link diagram. We construct some examples by wiring together
rational tangles.
",1999-03-10T00:56:14Z,"[<Element '{http://www.w3.org/2005/Atom}name' at 0x7f8ba70526b0>, <Element '{http://www.w3.org/2005/Atom}name' at 0x7f8ba7052590>]",math.GT
http://arxiv.org/abs/math/9903057v1,On knot invariants which are not of finite type,"  We observe that most known results of the form ""v is not a finite-type
invariant"" follow from two basic theorems. Among those invariants which are not
of finite type, we discuss examples which are ""ft-independent"" and examples
which are not. We introduce (n,q)-finite invariants, which are generalizations
of finite-type invariants based on Fox's (n,q) congruence classes of knots.
",1999-03-10T01:24:15Z,"[<Element '{http://www.w3.org/2005/Atom}name' at 0x7f8ba70c4bf0>, <Element '{http://www.w3.org/2005/Atom}name' at 0x7f8ba70c4fb0>]",math.GT
http://arxiv.org/abs/math/9907071v1,Braid commutators and delta finite-type invariants,"  Delta finite-type invariants are defined analogously to finite-type
invariants, using delta moves instead of crossing changes. We show that they
are closely related to the lower central series of the commutator subgroup of
the pure braid group.
",1999-07-12T14:38:09Z,[<Element '{http://www.w3.org/2005/Atom}name' at 0x7f8ba70c46b0>],math.GT
http://arxiv.org/abs/math/9907072v1,Brunnian braids and some of their generalizations,"  We use a variation on the commutator collection process to characterize those
pure braids which become trivial when any one strand is deleted, or, more
generally, those pure braids which become trivial when all the strands in any
one of a list of sets of strands is deleted.
",1999-07-12T14:48:23Z,[<Element '{http://www.w3.org/2005/Atom}name' at 0x7f8ba70bf2f0>],math.GT
http://arxiv.org/abs/math/9911005v1,A move on diagrams that generates S-equivalence of knots,"  Two knots in three-space are S-equivalent if they are indistinguishable by
Seifert matrices. We show that S-equivalence is generated by the doubled-delta
move on knot diagrams. It follows as a corollary that a knot has trivial
Alexander polynomial if and only if it can be undone by doubled-delta moves.
",1999-11-02T14:47:20Z,"[<Element '{http://www.w3.org/2005/Atom}name' at 0x7f8ba70bf8f0>, <Element '{http://www.w3.org/2005/Atom}name' at 0x7f8ba70bf770>]",math.GT
http://arxiv.org/abs/math/0405528v1,"Some computational results on mod 2 finite-type invariants of knots and
  string links","  We publish a table of primitive finite-type invariants of order less than or
equal to six, for knots of ten or fewer crossings. We note certain mod-2
congruences, one of which leads to a chirality criterion in the Alexander
polynomial. We state a computational result on mod-2 finite-type invariants of
2-strand string links.
",2004-05-27T14:01:41Z,[<Element '{http://www.w3.org/2005/Atom}name' at 0x7f8ba70b91d0>],math.GT
http://arxiv.org/abs/quant-ph/9703030v3,Comment on ``Nonlocality of a Single Photon Revisited'',"  This paper has been withdrawn. A significantly revised version will be posted
in the near future.
",1997-03-18T01:11:50Z,"[<Element '{http://www.w3.org/2005/Atom}name' at 0x7f8ba70b9950>, <Element '{http://www.w3.org/2005/Atom}name' at 0x7f8ba70b9830>, <Element '{http://www.w3.org/2005/Atom}name' at 0x7f8ba70b9710>]",quant-ph
http://arxiv.org/abs/1512.07687v1,Many-body chaos at weak coupling,"  The strength of chaos in large $N$ quantum systems can be quantified using
$\lambda_L$, the rate of growth of certain out-of-time-order four point
functions. We calculate $\lambda_L$ to leading order in a weakly coupled matrix
$\Phi^4$ theory by numerically diagonalizing a ladder kernel. The computation
reduces to an essentially classical problem.
",2015-12-24T01:42:02Z,[<Element '{http://www.w3.org/2005/Atom}name' at 0x7f8ba709e890>],hep-th
http://arxiv.org/abs/1609.06204v2,Italy goes to Stanford: a collection of CoreNLP modules for Italian,"  In this we paper present Tint, an easy-to-use set of fast, accurate and
extendable Natural Language Processing modules for Italian. It is based on
Stanford CoreNLP and is freely available as a standalone software or a library
that can be integrated in an existing project.
",2016-09-20T14:53:05Z,"[<Element '{http://www.w3.org/2005/Atom}name' at 0x7f8ba709ea10>, <Element '{http://www.w3.org/2005/Atom}name' at 0x7f8ba709e8f0>]",cs.CL
http://arxiv.org/abs/2008.08570v1,More quantum noise from wormholes,"  For black hole evaporation to be unitary, the naive density matrix of Hawking
radiation needs to be corrected with a sprinkling of pseudorandom ""noise.""
Using wormholes, semiclassical gravity appears to describe an averaged ""true
random"" theory of this noise. We discuss the wormholes in dilaton gravity
theories with matter. They are classical solutions that depend on a small
amount of backreaction from matter fields, and they are closely related to the
wormholes that give the Page curve.
",2020-08-19T17:54:10Z,[<Element '{http://www.w3.org/2005/Atom}name' at 0x7f8ba7095d10>],hep-th
http://arxiv.org/abs/cond-mat/9903285v1,"Reply to: --- Interlayer Josephson vortices in the high-T_c
  superconducting cuprates","  Here we reply to Farid's comment.
",1999-03-18T14:35:50Z,"[<Element '{http://www.w3.org/2005/Atom}name' at 0x7f8ba7095ad0>, <Element '{http://www.w3.org/2005/Atom}name' at 0x7f8ba70958f0>]",cond-mat.supr-con
http://arxiv.org/abs/cond-mat/0212172v3,"An angle-resolved photoemission spectral function analysis of the
  electron doped cuprate Nd_1.85Ce_0.15CuO_4","  Using methods made possible by recent advances in photoemission technology,
we perform an indepth line-shape analysis of the angle-resolved photoemission
spectra of the electron doped (n-type) cuprate superconductor
Nd_1.85Ce_0.15CuO_4. Unlike for the p-type materials, we only observe weak mass
renormalizations near 50-70 meV. This may be indicative of smaller
electron-phonon coupling or due to the masking effects of other interactions
that make the electron-phonon coupling harder to detect. This latter scenario
may suggest limitations of the spectral function analysis in extracting
electronic self-energies when some of the interactions are highly momentum
dependent.
",2002-12-09T07:59:14Z,"[<Element '{http://www.w3.org/2005/Atom}name' at 0x7f8ba7102dd0>, <Element '{http://www.w3.org/2005/Atom}name' at 0x7f8ba7102c50>, <Element '{http://www.w3.org/2005/Atom}name' at 0x7f8ba71021d0>, <Element '{http://www.w3.org/2005/Atom}name' at 0x7f8ba7102f50>, <Element '{http://www.w3.org/2005/Atom}name' at 0x7f8ba7102e30>, <Element '{http://www.w3.org/2005/Atom}name' at 0x7f8ba7102bf0>, <Element '{http://www.w3.org/2005/Atom}name' at 0x7f8ba7102a70>, <Element '{http://www.w3.org/2005/Atom}name' at 0x7f8ba7102950>, <Element '{http://www.w3.org/2005/Atom}name' at 0x7f8ba7102830>, <Element '{http://www.w3.org/2005/Atom}name' at 0x7f8ba7102710>, <Element '{http://www.w3.org/2005/Atom}name' at 0x7f8ba7102530>, <Element '{http://www.w3.org/2005/Atom}name' at 0x7f8ba71024d0>, <Element '{http://www.w3.org/2005/Atom}name' at 0x7f8ba7102290>, <Element '{http://www.w3.org/2005/Atom}name' at 0x7f8ba71020b0>, <Element '{http://www.w3.org/2005/Atom}name' at 0x7f8ba70ec290>, <Element '{http://www.w3.org/2005/Atom}name' at 0x7f8ba70ec5f0>, <Element '{http://www.w3.org/2005/Atom}name' at 0x7f8ba70ecd70>, <Element '{http://www.w3.org/2005/Atom}name' at 0x7f8ba70ecef0>]",cond-mat.supr-con
http://arxiv.org/abs/hep-th/9410183v1,Black Holes and Sphalerons in Low Energy Effective String Theory,"  Talk given at the 7th Marcel Grossmann Meeting on General Relativity,
Stanford University, July 24-30, 1994.
",1994-10-25T09:37:38Z,[<Element '{http://www.w3.org/2005/Atom}name' at 0x7f8ba70ec530>],hep-th
http://arxiv.org/abs/0710.1962v1,Stanford Matrix Considered Harmful,"  This note argues about the validity of web-graph data used in the literature.
",2007-10-10T10:03:03Z,[<Element '{http://www.w3.org/2005/Atom}name' at 0x7f8ba70e1830>],cs.IR
http://arxiv.org/abs/0809.0802v1,Positive Legendrian regular homotopies,"  In contrast with what happens for Legendrian embeddings, there always exist
positive loops of Legendrian immersions.
",2008-09-04T12:56:03Z,[<Element '{http://www.w3.org/2005/Atom}name' at 0x7f8ba70e16b0>],math.GT
http://arxiv.org/abs/1404.4314v1,An Empirical Comparison of Parsing Methods for Stanford Dependencies,"  Stanford typed dependencies are a widely desired representation of natural
language sentences, but parsing is one of the major computational bottlenecks
in text analysis systems. In light of the evolving definition of the Stanford
dependencies and developments in statistical dependency parsing algorithms,
this paper revisits the question of Cer et al. (2010): what is the tradeoff
between accuracy and speed in obtaining Stanford dependencies in particular? We
also explore the effects of input representations on this tradeoff:
part-of-speech tags, the novel use of an alternative dependency representation
as input, and distributional representaions of words. We find that direct
dependency parsing is a more viable solution than it was found to be in the
past. An accompanying software release can be found at:
http://www.ark.cs.cmu.edu/TBSD
",2014-04-16T17:06:35Z,"[<Element '{http://www.w3.org/2005/Atom}name' at 0x7f8ba70de530>, <Element '{http://www.w3.org/2005/Atom}name' at 0x7f8ba70defb0>]",cs.CL
http://arxiv.org/abs/1409.7386v1,Performance of Stanford and Minipar Parser on Biomedical Texts,"  In this paper, the performance of two dependency parsers, namely Stanford and
Minipar, on biomedical texts has been reported. The performance of te parsers
to assignm dependencies between two biomedical concepts that are already proved
to be connected is not satisfying. Both Stanford and Minipar, being statistical
parsers, fail to assign dependency relation between two connected concepts if
they are distant by at least one clause. Minipar's performance, in terms of
precision, recall and the F-score of the attachment score (e.g., correctly
identified head in a dependency), to parse biomedical text is also measured
taking the Stanford's as a gold standard. The results suggest that Minipar is
not suitable yet to parse biomedical texts. In addition, a qualitative
investigation reveals that the difference between working principles of the
parsers also play a vital role for Minipar's degraded performance.
",2014-09-25T15:35:27Z,[<Element '{http://www.w3.org/2005/Atom}name' at 0x7f8ba70de770>],cs.CL
http://arxiv.org/abs/1507.05081v1,Toward a new language of legal drafting,"  Lawyers should write in document markup language just like web developers,
digital publishers, scientists, and almost everyone else
",2015-07-01T09:53:36Z,[<Element '{http://www.w3.org/2005/Atom}name' at 0x7f8ba70de0b0>],cs.CY
http://arxiv.org/abs/2002.07749v2,"Aspects of the Synthesis of Thin Film Superconducting Infinite-Layer
  Nickelates","  The recent observation of superconductivity in Nd$_{0.8}$Sr$_{0.2}$NiO$_{2}$
calls for further investigation and optimization of the synthesis of this
metastable infinite-layer nickelate structure. Here, we present our current
understanding of important aspects of the growth of the parent perovskite
compound via pulsed laser deposition on SrTiO$_{3}$ (001) substrates, and the
subsequent topotactic reduction. We find that to achieve single-crystalline,
single-phase superconducting Nd$_{0.8}$Sr$_{0.2}$NiO$_{2}$, it is essential
that the precursor perovskite Nd$_{0.8}$Sr$_{0.2}$NiO$_{3}$ thin film is
stabilized with high crystallinity and no impurity phases; in particular, a
Ruddlesden-Popper-type secondary phase is often observed. We have further
investigated the evolution of the soft-chemistry topotactic reduction
conditions to realize full transformation to the infinite-layer structure with
no film decomposition or formation of other phases. We find that capping the
nickelate film with a subsequent SrTiO$_{3}$ layer provides an epitaxial
template to the top region of the nickelate film, much like the substrate.
Thus, for currently optimized growth conditions, we can stabilize
superconducting single-phase Nd$_{0.8}$Sr$_{0.2}$NiO$_{2}$ (001) epitaxial thin
films up to ~ 10 nm.
",2020-02-18T17:35:41Z,"[<Element '{http://www.w3.org/2005/Atom}name' at 0x7f8ba70d9b90>, <Element '{http://www.w3.org/2005/Atom}name' at 0x7f8ba70d9a10>, <Element '{http://www.w3.org/2005/Atom}name' at 0x7f8ba70d9830>, <Element '{http://www.w3.org/2005/Atom}name' at 0x7f8ba70d95f0>, <Element '{http://www.w3.org/2005/Atom}name' at 0x7f8ba70d93b0>, <Element '{http://www.w3.org/2005/Atom}name' at 0x7f8ba70d9230>, <Element '{http://www.w3.org/2005/Atom}name' at 0x7f8ba70d90b0>, <Element '{http://www.w3.org/2005/Atom}name' at 0x7f8ba70d46b0>]",cond-mat.mtrl-sci
http://arxiv.org/abs/1702.04364v1,"Improved measurements of turbulence in the hot gaseous atmospheres of
  nearby giant elliptical galaxies","  We present significantly improved measurements of turbulent velocities in the
hot gaseous halos of nearby giant elliptical galaxies. Using deep XMM-Newton
Reflection Grating Spectrometer (RGS ) observations and a combination of
resonance scattering and direct line broadening methods, we obtain well bounded
constraints for 13 galaxies. Assuming that the turbulence is isotropic, we
obtain a best fit mean 1D turbulent velocity of ~110 km/s. This implies a
typical 3D Mach number ~0.45 and a typical non-thermal pressure contribution of
~6 per cent in the cores of nearby massive galaxies. The intrinsic scatter
around these values is modest - consistent with zero, albeit with large
statistical uncertainty - hinting at a common and quasi-continuous mechanism
sourcing the velocity structure in these objects. Using conservative estimates
of the spatial scales associated with the observed turbulent motions, we find
that turbulent heating can be sufficient to offset radiative cooling in the
inner regions of these galaxies (<10 kpc, typically 2-3 kpc). The full
potential of our analysis methods will be enabled by future X-ray
microcalorimeter observations.
",2017-02-14T19:16:43Z,"[<Element '{http://www.w3.org/2005/Atom}name' at 0x7f8ba70d4710>, <Element '{http://www.w3.org/2005/Atom}name' at 0x7f8ba70d4530>, <Element '{http://www.w3.org/2005/Atom}name' at 0x7f8ba70d43b0>, <Element '{http://www.w3.org/2005/Atom}name' at 0x7f8ba70d4230>, <Element '{http://www.w3.org/2005/Atom}name' at 0x7f8ba70d4110>, <Element '{http://www.w3.org/2005/Atom}name' at 0x7f8ba713ee90>, <Element '{http://www.w3.org/2005/Atom}name' at 0x7f8ba713e0b0>, <Element '{http://www.w3.org/2005/Atom}name' at 0x7f8ba713eb30>, <Element '{http://www.w3.org/2005/Atom}name' at 0x7f8ba713eef0>, <Element '{http://www.w3.org/2005/Atom}name' at 0x7f8ba713ecb0>]",astro-ph.HE
http://arxiv.org/abs/astro-ph/9912205v1,"Synchrotron Radiation as the Source of GRB Spectra, Part I: Theory","  We investigate synchrotron emission models as the source of gamma ray burst
spectra. We show that allowing for synchrotron self absorption and a ``smooth
cutoff'' to the electron energy distribution produces a wide range of low
energy spectral behavior. We show that there exists a correlation between the
value of the peak of the $\nu F_{\nu}$ spectrum, $E_{p}$, and the low energy
spectral index $\alpha$ as determined by spectral fits over a finite bandwidth.
Finally, we discuss the implications of synchrotron emission from internal
shocks for GRB spectral evolution.
",1999-12-09T20:22:25Z,"[<Element '{http://www.w3.org/2005/Atom}name' at 0x7f8ba713e230>, <Element '{http://www.w3.org/2005/Atom}name' at 0x7f8ba713e050>]",astro-ph
http://arxiv.org/abs/astro-ph/0411031v1,Magnetic turbulence in compressible fluids,"  We present high resolution numerical simulations of compressible
magnetohydrodynamic (MHD) turbulence. We concentrate on studies of spectra and
anisotropy of velocity and density. We describe a technique of separating
different magnetohydrodynamic (MHD) modes (slow, fast and Alfven) and apply it
to our simulations. For the mildly supersonic case, velocity and density show
anisotropy. However, for the highly supersonic case, we observe steepening of
the slow mode velocity spectrum and isotropization of density. Our present
studies show that the spectrum of density gets substantially
  {\it flatter} than the Kolmogorov one.
",2004-11-01T14:09:15Z,"[<Element '{http://www.w3.org/2005/Atom}name' at 0x7f8ba7131ad0>, <Element '{http://www.w3.org/2005/Atom}name' at 0x7f8ba71319b0>]",astro-ph
http://arxiv.org/abs/astro-ph/0611509v1,A Sr-Rich Star on the Main Sequence of Omega Centauri,"  Abundance ratios relative to iron for carbon, nitrogen, strontium and barium
are presented for a metal-rich main sequence star ([Fe/H]=--0.74) in the
globular cluster omega Centauri. This star, designated 2015448, shows depleted
carbon and solar nitrogen, but more interestingly, shows an enhanced abundance
ratio of strontium [Sr/Fe] ~ 1.6 dex, while the barium abundance ratio is
[Ba/Fe]<0.6 dex. At this metallicity one usually sees strontium and barium
abundance ratios that are roughly equal. Possible formation scenarios of this
peculiar object are considered.
",2006-11-16T05:19:03Z,"[<Element '{http://www.w3.org/2005/Atom}name' at 0x7f8ba7128e90>, <Element '{http://www.w3.org/2005/Atom}name' at 0x7f8ba7128050>, <Element '{http://www.w3.org/2005/Atom}name' at 0x7f8ba7128470>, <Element '{http://www.w3.org/2005/Atom}name' at 0x7f8ba7128f50>]",astro-ph
http://arxiv.org/abs/cs/0311017v1,2 P2P or Not 2 P2P?,"  In the hope of stimulating discussion, we present a heuristic decision tree
that designers can use to judge the likely suitability of a P2P architecture
for their applications. It is based on the characteristics of a wide range of
P2P systems from the literature, both proposed and deployed.
",2003-11-14T22:36:39Z,"[<Element '{http://www.w3.org/2005/Atom}name' at 0x7f8ba71285f0>, <Element '{http://www.w3.org/2005/Atom}name' at 0x7f8ba71284d0>, <Element '{http://www.w3.org/2005/Atom}name' at 0x7f8ba71282f0>, <Element '{http://www.w3.org/2005/Atom}name' at 0x7f8ba71281d0>, <Element '{http://www.w3.org/2005/Atom}name' at 0x7f8ba7128110>, <Element '{http://www.w3.org/2005/Atom}name' at 0x7f8bd4c6ad10>]",cs.NI
http://arxiv.org/abs/cs/0606127v1,Approximately Efficient Cost-Sharing Mechanisms,"  We make three different types of contributions to cost-sharing: First, we
identify several new classes of combinatorial cost functions that admit
incentive-compatible mechanisms achieving both a constant-factor approximation
of budget-balance and a polylogarithmic approximation of the social cost
formulation of efficiency. Second, we prove a new, optimal lower bound on the
approximate efficiency of every budget-balanced Moulin mechanism for Steiner
tree or SSRoB cost functions. This lower bound exposes a latent approximation
hierarchy among different cost-sharing problems. Third, we show that weakening
the definition of incentive-compatibility to strategyproofness can permit
exponentially more efficient approximately budget-balanced mechanisms, in
particular for set cover cost-sharing problems.
",2006-06-30T02:24:01Z,"[<Element '{http://www.w3.org/2005/Atom}name' at 0x7f8bd4c6a8f0>, <Element '{http://www.w3.org/2005/Atom}name' at 0x7f8bd4c6a770>]",cs.GT
http://arxiv.org/abs/hep-ex/0104031v1,ep Physics at High Q-squared,"  This article summarizes a talk presented at the SLAC Summer Institute 2000,
SLAC, Stanford, USA.
  The HERA ep collider allows the measurement of the proton structure and tests
of the Standard Model in a large region of phase space that has not been
accessible before. Such tests provide the framework for the H1 and ZEUS
Collaborations to look for physics beyond the Standard Model.
",2001-04-17T20:50:42Z,[<Element '{http://www.w3.org/2005/Atom}name' at 0x7f8bd4c63f50>],hep-ex
http://arxiv.org/abs/hep-lat/9312010v1,"Portable QCD codes for Massively Parallel Processors. UKQCD
  collaboration","  We present a new set of QCD codes in both message passing and data parallel
versions. The message passing package used is PARMACS, although other packages
may be used. Data parallel software is written in High Performance fortran, an
emerging standard based on Fortran 90. Software engineering methods have been
applied to a physics application to create thoroughly tested and documented
codes for the next generation of massively parallel supercomputers.
",1993-12-02T10:06:54Z,[<Element '{http://www.w3.org/2005/Atom}name' at 0x7f8bd4c52b90>],hep-lat
http://arxiv.org/abs/math/9805092v1,Vassiliev invariants and knots modulo pure braid subgroups,"  We show that two knots have matching Vassiliev invariants of order less than
n if and only if they are equivalent modulo the nth group of the lower central
series of some pure braid group, thus characterizing Vassiliev's knot
invariants in terms of the structure of the braid groups. We also prove some
results about knots modulo the nth derived subgroups of the pure braid groups,
and about knots modulo braid subgroups in general.
",1998-05-20T22:58:31Z,[<Element '{http://www.w3.org/2005/Atom}name' at 0x7f8ba70474d0>],math.GT
http://arxiv.org/abs/quant-ph/9801037v2,Experimental realization of a quantum algorithm,"  Nuclear magnetic resonance techniques are used to realize a quantum algorithm
experimentally. The algorithm allows a simple NMR quantum computer to determine
global properties of an unknown function requiring fewer function ``calls''
than is possible using a classical computer.
",1998-01-19T08:48:41Z,"[<Element '{http://www.w3.org/2005/Atom}name' at 0x7f8ba7047cb0>, <Element '{http://www.w3.org/2005/Atom}name' at 0x7f8ba7047dd0>, <Element '{http://www.w3.org/2005/Atom}name' at 0x7f8ba7047f50>, <Element '{http://www.w3.org/2005/Atom}name' at 0x7f8ba70ea110>, <Element '{http://www.w3.org/2005/Atom}name' at 0x7f8ba70ea230>]",quant-ph
http://arxiv.org/abs/0902.3241v1,"The Penrose inequality in general relativity and volume comparison
  theorems involving scalar curvature (thesis)","  In this thesis we describe how minimal surface techniques can be used to
prove the Penrose inequality in general relativity for two classes of
3-manifolds. We also describe how a new volume comparison theorem involving
scalar curvature for 3-manifolds follows from these same techniques.
",2009-02-18T23:10:41Z,[<Element '{http://www.w3.org/2005/Atom}name' at 0x7f8ba70eaa10>],math.DG
http://arxiv.org/abs/1005.0909v2,George Forsythe's last paper,"  We describe von Neumann's elegant idea for sampling from the exponential
distribution, Forsythe's generalization for sampling from a probability
distribution whose density has the form exp(-G(x)), where G(x) is easy to
compute (e.g. a polynomial), and my refinement of these ideas to give an
efficient algorithm for generating pseudo-random numbers with a normal
distribution. Later developments are also mentioned.
",2010-05-06T07:27:48Z,[<Element '{http://www.w3.org/2005/Atom}name' at 0x7f8ba70df1d0>],cs.NA
http://arxiv.org/abs/1206.4617v1,Continuous Inverse Optimal Control with Locally Optimal Examples,"  Inverse optimal control, also known as inverse reinforcement learning, is the
problem of recovering an unknown reward function in a Markov decision process
from expert demonstrations of the optimal policy. We introduce a probabilistic
inverse optimal control algorithm that scales gracefully with task
dimensionality, and is suitable for large, continuous domains where even
computing a full policy is impractical. By using a local approximation of the
reward function, our method can also drop the assumption that the
demonstrations are globally optimal, requiring only local optimality. This
allows it to learn from examples that are unsuitable for prior methods.
",2012-06-18T15:02:28Z,"[<Element '{http://www.w3.org/2005/Atom}name' at 0x7f8ba70df9b0>, <Element '{http://www.w3.org/2005/Atom}name' at 0x7f8ba70dfad0>]",cs.LG
http://arxiv.org/abs/1306.3039v1,Another Conversation with Persi Diaconis,"  Persi Diaconis was born in New York on January 31, 1945. Upon receiving a
Ph.D. from Harvard in 1974 he was appointed Assistant Professor at Stanford.
Following periods as Professor at Harvard (1987-1997) and Cornell (1996-1998),
he has been Professor in the Departments of Mathematics and Statistics at
Stanford since 1998. He is a member of the National Academy of Sciences, a past
President of the IMS and has received honorary doctorates from Chicago and four
other universities. The following conversation took place at his office and at
Aldous's home in early 2012.
",2013-06-13T07:01:48Z,[<Element '{http://www.w3.org/2005/Atom}name' at 0x7f8ba7105290>],stat.ME
http://arxiv.org/abs/1310.7457v1,Measurements without Probabilities in the Final State Proposal,"  The black hole final state proposal reconciles the infalling vacuum with the
unitarity of the Hawking radiation, but only for some experiments. We study
experiments that first verify the exterior, then the interior purification of
the same Hawking particle. (This is the same protocol that renders the firewall
paradox operationally meaningful in standard quantum mechanics.) We show that
the decoherence functional fails to be diagonal, even upon inclusion of
external ""pointer"" systems. Hence, probabilities for outcomes of these
measurements are not defined. We conclude that the final state proposal does
not offer a consistent alternative to the firewall hypothesis.
",2013-10-28T15:28:23Z,"[<Element '{http://www.w3.org/2005/Atom}name' at 0x7f8ba7105a70>, <Element '{http://www.w3.org/2005/Atom}name' at 0x7f8ba7105b30>]",hep-th
http://arxiv.org/abs/1312.3296v2,Multiple Shocks,"  Using gauge/gravity duality, we explore a class of states of two CFTs with a
large degree of entanglement, but with very weak local two-sided correlation.
These states are constructed by perturbing the thermofield double state with
thermal-scale operators that are local at different times. Acting on the dual
black hole geometry, these perturbations create an intersecting network of
shock waves, supporting a very long wormhole. Chaotic CFT dynamics and the
associated fast scrambling time play an essential role in determining the
qualitative features of the resulting geometries.
",2013-12-11T20:03:57Z,"[<Element '{http://www.w3.org/2005/Atom}name' at 0x7f8ba7109890>, <Element '{http://www.w3.org/2005/Atom}name' at 0x7f8ba7109e30>]",hep-th
http://arxiv.org/abs/1406.2678v2,Complexity and Shock Wave Geometries,"  In this paper we refine a conjecture relating the time-dependent size of an
Einstein-Rosen bridge to the computational complexity of the of the dual
quantum state. Our refinement states that the complexity is proportional to the
spatial volume of the ERB. More precisely, up to an ambiguous numerical
coefficient, we propose that the complexity is the regularized volume of the
largest codimension one surface crossing the bridge, divided by $G_N l_{AdS}$.
We test this conjecture against a wide variety of spherically symmetric shock
wave geometries in different dimensions. We find detailed agreement.
",2014-06-10T19:51:42Z,"[<Element '{http://www.w3.org/2005/Atom}name' at 0x7f8ba7109590>, <Element '{http://www.w3.org/2005/Atom}name' at 0x7f8ba7109410>]",hep-th
http://arxiv.org/abs/1705.07538v2,Infrastructure for Usable Machine Learning: The Stanford DAWN Project,"  Despite incredible recent advances in machine learning, building machine
learning applications remains prohibitively time-consuming and expensive for
all but the best-trained, best-funded engineering organizations. This expense
comes not from a need for new and improved statistical models but instead from
a lack of systems and tools for supporting end-to-end machine learning
application development, from data preparation and labeling to
productionization and monitoring. In this document, we outline opportunities
for infrastructure supporting usable, end-to-end machine learning applications
in the context of the nascent DAWN (Data Analytics for What's Next) project at
Stanford.
",2017-05-22T02:28:19Z,"[<Element '{http://www.w3.org/2005/Atom}name' at 0x7f8ba70f5d70>, <Element '{http://www.w3.org/2005/Atom}name' at 0x7f8ba70f5cb0>, <Element '{http://www.w3.org/2005/Atom}name' at 0x7f8ba70f5b90>, <Element '{http://www.w3.org/2005/Atom}name' at 0x7f8ba70f5ad0>]",cs.LG
http://arxiv.org/abs/1503.01409v1,A bound on chaos,"  We conjecture a sharp bound on the rate of growth of chaos in thermal quantum
systems with a large number of degrees of freedom. Chaos can be diagnosed using
an out-of-time-order correlation function closely related to the commutator of
operators separated in time. We conjecture that the influence of chaos on this
correlator can develop no faster than exponentially, with Lyapunov exponent
$\lambda_L \le 2 \pi k_B T/\hbar$. We give a precise mathematical argument,
based on plausible physical assumptions, establishing this conjecture.
",2015-03-04T18:37:55Z,"[<Element '{http://www.w3.org/2005/Atom}name' at 0x7f8ba70f5350>, <Element '{http://www.w3.org/2005/Atom}name' at 0x7f8ba70f5290>, <Element '{http://www.w3.org/2005/Atom}name' at 0x7f8ba70f5230>]",hep-th
http://arxiv.org/abs/1703.04612v1,Fermionic Localization of the Schwarzian Theory,"  The SYK model is a quantum mechanical model that has been proposed to be
holographically dual to a $1+1$-dimensional model of a quantum black hole. An
emergent ""gravitational"" mode of this model is governed by an unusual action
that that has been called the Schwarzian action. It governs a reparametrization
of a circle. We show that the path integral of the Schwarzian theory is
one-loop exact. The argument uses a method of fermionic localization, even
though the model itself is purely bosonic.
",2017-03-14T17:38:07Z,"[<Element '{http://www.w3.org/2005/Atom}name' at 0x7f8ba70e37d0>, <Element '{http://www.w3.org/2005/Atom}name' at 0x7f8ba70e3890>]",hep-th
http://arxiv.org/abs/1711.03816v1,A spacetime derivation of the Lorentzian OPE inversion formula,"  Caron-Huot has recently given an interesting formula that determines OPE data
in a conformal field theory in terms of a weighted integral of the four-point
function over a Lorentzian region of cross-ratio space. We give a new
derivation of this formula based on Wick rotation in spacetime rather than
cross-ratio space. The derivation is simple in two dimensions but more involved
in higher dimensions. We also derive a Lorentzian inversion formula in one
dimension that sheds light on previous observations about the chaos regime in
the SYK model.
",2017-11-10T13:47:47Z,"[<Element '{http://www.w3.org/2005/Atom}name' at 0x7f8ba70e3fb0>, <Element '{http://www.w3.org/2005/Atom}name' at 0x7f8ba70dd0b0>, <Element '{http://www.w3.org/2005/Atom}name' at 0x7f8ba70dd170>]",hep-th
http://arxiv.org/abs/1804.05972v1,A Deeper Look into Dependency-Based Word Embeddings,"  We investigate the effect of various dependency-based word embeddings on
distinguishing between functional and domain similarity, word similarity
rankings, and two downstream tasks in English. Variations include word
embeddings trained using context windows from Stanford and Universal
dependencies at several levels of enhancement (ranging from unlabeled, to
Enhanced++ dependencies). Results are compared to basic linear contexts and
evaluated on several datasets. We found that embeddings trained with Universal
and Stanford dependency contexts excel at different tasks, and that enhanced
dependencies often improve performance.
",2018-04-16T23:12:07Z,"[<Element '{http://www.w3.org/2005/Atom}name' at 0x7f8ba70dd8f0>, <Element '{http://www.w3.org/2005/Atom}name' at 0x7f8ba70dd9b0>]",cs.CL
http://arxiv.org/abs/1808.07383v1,"Dynamic Self-Attention : Computing Attention over Words Dynamically for
  Sentence Embedding","  In this paper, we propose Dynamic Self-Attention (DSA), a new self-attention
mechanism for sentence embedding. We design DSA by modifying dynamic routing in
capsule network (Sabouretal.,2017) for natural language processing. DSA attends
to informative words with a dynamic weight vector. We achieve new
state-of-the-art results among sentence encoding methods in Stanford Natural
Language Inference (SNLI) dataset with the least number of parameters, while
showing comparative results in Stanford Sentiment Treebank (SST) dataset.
",2018-08-22T14:30:03Z,"[<Element '{http://www.w3.org/2005/Atom}name' at 0x7f8ba70fc050>, <Element '{http://www.w3.org/2005/Atom}name' at 0x7f8ba70fc110>, <Element '{http://www.w3.org/2005/Atom}name' at 0x7f8ba70fc1d0>]",cs.LG
http://arxiv.org/abs/cmp-lg/9503009v1,Distributional Part-of-Speech Tagging,"  This paper presents an algorithm for tagging words whose part-of-speech
properties are unknown. Unlike previous work, the algorithm categorizes word
tokens in context instead of word types. The algorithm is evaluated on the
Brown Corpus.
",1995-03-08T18:36:40Z,[<Element '{http://www.w3.org/2005/Atom}name' at 0x7f8ba70fc8f0>],cmp-lg
http://arxiv.org/abs/cond-mat/9910286v1,"On some upper bounds for spin velocity and instability of gapless state
  of 1-d Heisenberg chains","  We derive upper bounds for spin velocity in half-integer-spin Heisenberg
antiferromagnetic chains. We relate these upper bounds to the instability of
the gapless state, which is observed in frustrated systems.
",1999-10-19T17:56:34Z,[<Element '{http://www.w3.org/2005/Atom}name' at 0x7f8ba7090050>],cond-mat.str-el
http://arxiv.org/abs/cond-mat/0201401v1,Tuning order in cuprate superconductors,"  This article presents our perspective on STM measurements by Hoffman et al.
(cond-mat/0201348) of the vortex lattice in BSCCO. We discuss implications of
these measurements for various theories of the cuprate superconductors.
",2002-01-23T16:28:58Z,"[<Element '{http://www.w3.org/2005/Atom}name' at 0x7f8ba7090770>, <Element '{http://www.w3.org/2005/Atom}name' at 0x7f8ba7090890>]",cond-mat.supr-con
http://arxiv.org/abs/gr-qc/9410028v1,Thermodynamic Stability of a Multi-Bubble Cosmological Model,"  Multibubble solutions for a cosmological model which lead to thermal
inflationary states due to a semi-classical tunneling of gravity are
calculated.
",1994-10-20T18:02:00Z,"[<Element '{http://www.w3.org/2005/Atom}name' at 0x7f8ba7090fb0>, <Element '{http://www.w3.org/2005/Atom}name' at 0x7f8ba707f0b0>]",gr-qc
http://arxiv.org/abs/hep-ph/0001134v1,Applications of QCD,"  Talk given at XIXth International Symposium on Lepton and Photon Interactions
at High Energies (LP 99), Stanford, California, 9-14 August 1999.
",2000-01-14T17:47:52Z,[<Element '{http://www.w3.org/2005/Atom}name' at 0x7f8ba707f6b0>],hep-ph
http://arxiv.org/abs/hep-ph/0209152v1,"Recent Results on Photoproduction of Vector Mesons and Mass Dependent
  Pomeron Trajectory","  It is shown that the recent results on photoproduction of vector mesons can
be naturally explained by using a mass dependent pomeron trajectory.
",2002-09-13T13:07:13Z,"[<Element '{http://www.w3.org/2005/Atom}name' at 0x7f8ba707fe90>, <Element '{http://www.w3.org/2005/Atom}name' at 0x7f8ba707ff50>]",hep-ph
http://arxiv.org/abs/hep-ph/0507044v1,Neutrinos in Supersymmetry,"  We briefly review the neutrino mass generation mechanism in supersymmetry
with Bilinear R-Parity Violation in Minimal Supergravity and Anomaly Mediated
Supersymmetry Breaking.
",2005-07-04T16:09:23Z,[<Element '{http://www.w3.org/2005/Atom}name' at 0x7f8ba7066590>],hep-ph
http://arxiv.org/abs/hep-ph/0508167v2,SUSY Studies,"  This report summarizes the progress in SUSY studies performed since the last
International Linear Collider Workshop in Paris (LCWS04).
",2005-08-15T22:56:13Z,[<Element '{http://www.w3.org/2005/Atom}name' at 0x7f8ba7066b90>],hep-ph
http://arxiv.org/abs/hep-th/9409118v1,ALE Instantons in String Theory,"  In this talk we will describe a string solution which contains a self-dual
(instantonic) metric and study its properties. Talk given by M.Bianchi at the
Seventh Marcel Grossmann Meeting, Stanford July 24-30, 1994.
",1994-09-20T16:20:53Z,"[<Element '{http://www.w3.org/2005/Atom}name' at 0x7f8ba70551d0>, <Element '{http://www.w3.org/2005/Atom}name' at 0x7f8ba7055290>, <Element '{http://www.w3.org/2005/Atom}name' at 0x7f8ba7055350>, <Element '{http://www.w3.org/2005/Atom}name' at 0x7f8ba7055410>]",hep-th
http://arxiv.org/abs/math/0702599v1,A Bivariate Competing-Risks Model with One Termination Event,"  The likelihood function for a competing-risks model with one fatal and one
non-fatal event is proposed. A bivariate Weibull using the likelihood function
is applied to the Stanford Heart Transplant Data.
",2007-02-21T02:52:46Z,[<Element '{http://www.w3.org/2005/Atom}name' at 0x7f8ba7055a70>],math.ST
http://arxiv.org/abs/0809.5194v1,Semi-Competing Risks on A Trivariate Weibull Survival Model,"  A setting of a trivairate survival function using semi-competing risks
concept is proposed. The Stanford Heart Transplant data is reanalyzed using a
trivariate Weibull distribution model with the proposed survival function.
",2008-09-30T13:13:40Z,"[<Element '{http://www.w3.org/2005/Atom}name' at 0x7f8ba708de30>, <Element '{http://www.w3.org/2005/Atom}name' at 0x7f8ba708d590>]",stat.AP
http://arxiv.org/abs/1210.4032v1,The Wigner Strong-Coupling approach,"  Mini-review on strong coupling approaches in charged soft matter, with
emphasis on Wigner technique.
",2012-10-15T13:45:10Z,"[<Element '{http://www.w3.org/2005/Atom}name' at 0x7f8ba708da10>, <Element '{http://www.w3.org/2005/Atom}name' at 0x7f8ba708d950>]",cond-mat.soft
http://arxiv.org/abs/1301.7165v2,Topology of random simplicial complexes: a survey,"  This expository article is based on a lecture from the Stanford Symposium on
Algebraic Topology: Application and New Directions, held in honor of Gunnar
Carlsson, Ralph Cohen, and Ib Madsen.
",2013-01-30T08:52:18Z,[<Element '{http://www.w3.org/2005/Atom}name' at 0x7f8ba708d110>],math.AT
http://arxiv.org/abs/1304.3852v1,"Proceedings of the Eighth Conference on Uncertainty in Artificial
  Intelligence (1992)","  This is the Proceedings of the Eighth Conference on Uncertainty in Artificial
Intelligence, which was held in Stanford, CA, July 17-19, 1992
",2013-04-13T21:10:50Z,"[<Element '{http://www.w3.org/2005/Atom}name' at 0x7f8ba707cbf0>, <Element '{http://www.w3.org/2005/Atom}name' at 0x7f8ba707cb30>, <Element '{http://www.w3.org/2005/Atom}name' at 0x7f8ba707ca70>, <Element '{http://www.w3.org/2005/Atom}name' at 0x7f8ba707c950>]",cs.AI
http://arxiv.org/abs/1412.1176v1,ASTRO-H White Paper - Clusters of Galaxies and Related Science,"  The next generation X-ray observatory ASTRO-H will open up a new dimension in
the study of galaxy clusters by achieving for the first time the spectral
resolution required to measure velocities of the intracluster plasma, and
extending at the same time the spectral coverage to energies well beyond 10
keV. This white paper provides an overview of the capabilities of ASTRO-H for
exploring gas motions in galaxy clusters including their cosmological
implications, the physics of AGN feedback, dynamics of cluster mergers as well
as associated high-energy processes, chemical enrichment of the intracluster
medium, and the nature of missing baryons and unidentified dark matter.
",2014-12-03T03:30:36Z,"[<Element '{http://www.w3.org/2005/Atom}name' at 0x7f8ba707c230>, <Element '{http://www.w3.org/2005/Atom}name' at 0x7f8ba707c1d0>, <Element '{http://www.w3.org/2005/Atom}name' at 0x7f8ba706ee30>, <Element '{http://www.w3.org/2005/Atom}name' at 0x7f8ba706e3b0>, <Element '{http://www.w3.org/2005/Atom}name' at 0x7f8ba706ef50>, <Element '{http://www.w3.org/2005/Atom}name' at 0x7f8ba706ee90>, <Element '{http://www.w3.org/2005/Atom}name' at 0x7f8ba706ec50>, <Element '{http://www.w3.org/2005/Atom}name' at 0x7f8ba706eb30>, <Element '{http://www.w3.org/2005/Atom}name' at 0x7f8ba706e9b0>, <Element '{http://www.w3.org/2005/Atom}name' at 0x7f8ba706e890>, <Element '{http://www.w3.org/2005/Atom}name' at 0x7f8ba706e770>, <Element '{http://www.w3.org/2005/Atom}name' at 0x7f8ba706e6b0>, <Element '{http://www.w3.org/2005/Atom}name' at 0x7f8ba706e4d0>, <Element '{http://www.w3.org/2005/Atom}name' at 0x7f8ba706e350>, <Element '{http://www.w3.org/2005/Atom}name' at 0x7f8ba706e1d0>, <Element '{http://www.w3.org/2005/Atom}name' at 0x7f8ba706e0b0>, <Element '{http://www.w3.org/2005/Atom}name' at 0x7f8ba70610b0>, <Element '{http://www.w3.org/2005/Atom}name' at 0x7f8ba70611d0>, <Element '{http://www.w3.org/2005/Atom}name' at 0x7f8ba70612f0>, <Element '{http://www.w3.org/2005/Atom}name' at 0x7f8ba7061410>, <Element '{http://www.w3.org/2005/Atom}name' at 0x7f8ba7061530>, <Element '{http://www.w3.org/2005/Atom}name' at 0x7f8ba7061650>, <Element '{http://www.w3.org/2005/Atom}name' at 0x7f8ba7061770>, <Element '{http://www.w3.org/2005/Atom}name' at 0x7f8ba7061890>, <Element '{http://www.w3.org/2005/Atom}name' at 0x7f8ba70619b0>]",astro-ph.HE
http://arxiv.org/abs/1802.05601v1,Solving the Tyranny of Pipetting,"  Stephen Quake is the Lee Otterson Professor of Bioengineering and Applied
Physics at Stanford University. Here he reviews the early history of
microfluidics and discusses more recent developments, with a focus on
applications in biology and biochemistry.
",2018-01-10T11:31:08Z,[<Element '{http://www.w3.org/2005/Atom}name' at 0x7f8ba707a170>],physics.flu-dyn
http://arxiv.org/abs/astro-ph/0501231v1,Prospects of Non-Riemannian Cosmology,"  In this work we provide the motivation for considering non-Riemannian models
in cosmology. Non-Riemannian extensions of general relativity theory have been
studied for a long time. In such theories the spacetime continuum is no longer
described by the metric alone but endowed with additional geometric quantities.
These new quantities can be coupled to the intrinsic properties of matter in a
very natural way and therefore provide a richer gravitational theory, which
might be necessary in view of the recent cosmological evidence for dark matter
and dark energy. In this work we mainly focus on the concepts in metric-affine
gravity and point out their possible significance in the process of
cosmological model building.
",2005-01-12T23:22:02Z,[<Element '{http://www.w3.org/2005/Atom}name' at 0x7f8ba707a830>],astro-ph
http://arxiv.org/abs/astro-ph/0611897v1,"Radiative transfer effects on Doppler measurements as sources of surface
  effects in sunspot seismology","  We show that the use of Doppler shifts of Zeeman sensitive spectral lines to
observe wavesn in sunspots is subject to measurement specific phase shifts
arising from, (i) altered height range of spectral line formation and the
propagating character of p mode waves in penumbrae, and (ii) Zeeman broadening
and splitting. We also show that these phase shifts depend on wave frequencies,
strengths and line of sight inclination of magnetic field, and the polarization
state used for Doppler measurements. We discuss how these phase shifts could
contribute to local helioseismic measurements of 'surface effects' in sunspot
seismology.
",2006-11-29T18:13:57Z,"[<Element '{http://www.w3.org/2005/Atom}name' at 0x7f8ba707aef0>, <Element '{http://www.w3.org/2005/Atom}name' at 0x7f8ba7067050>, <Element '{http://www.w3.org/2005/Atom}name' at 0x7f8ba7067170>, <Element '{http://www.w3.org/2005/Atom}name' at 0x7f8ba7067290>]",astro-ph
http://arxiv.org/abs/0705.1362v1,Studies of EGRET sources with a novel image restoration technique,"  We have developed an image restoration technique based on the Richardson-Lucy
algorithm optimized for GLAST-LAT image analysis. Our algorithm is original
since it utilizes the PSF (point spread function) that is calculated for each
event. This is critical for EGRET and GLAST-LAT image analysis since the PSF
depends on the energy and angle of incident gamma-rays and varies by more than
one order of magnitude. EGRET and GLAST-LAT image analysis also faces Poisson
noise due to low photon statistics. Our technique incorporates wavelet
filtering to minimize noise effects. We present studies of EGRET sources using
this novel image restoration technique for possible identification of extended
gamma-ray sources.
",2007-05-09T21:16:43Z,"[<Element '{http://www.w3.org/2005/Atom}name' at 0x7f8ba7067a10>, <Element '{http://www.w3.org/2005/Atom}name' at 0x7f8ba7067b90>, <Element '{http://www.w3.org/2005/Atom}name' at 0x7f8ba7067cb0>, <Element '{http://www.w3.org/2005/Atom}name' at 0x7f8ba7067e30>, <Element '{http://www.w3.org/2005/Atom}name' at 0x7f8ba7054050>]",astro-ph
http://arxiv.org/abs/1103.3102v1,Human-Assisted Graph Search: It's Okay to Ask Questions,"  We consider the problem of human-assisted graph search: given a directed
acyclic graph with some (unknown) target node(s), we consider the problem of
finding the target node(s) by asking an omniscient human questions of the form
""Is there a target node that is reachable from the current node?"". This general
problem has applications in many domains that can utilize human intelligence,
including curation of hierarchies, debugging workflows, image segmentation and
categorization, interactive search and filter synthesis. To our knowledge, this
work provides the first formal algorithmic study of the optimization of human
computation for this problem. We study various dimensions of the problem space,
providing algorithms and complexity results. Our framework and algorithms can
be used in the design of an optimizer for crowd-sourcing platforms such as
Mechanical Turk.
",2011-03-16T05:51:08Z,"[<Element '{http://www.w3.org/2005/Atom}name' at 0x7f8ba7054890>, <Element '{http://www.w3.org/2005/Atom}name' at 0x7f8ba70549b0>, <Element '{http://www.w3.org/2005/Atom}name' at 0x7f8ba7054ad0>, <Element '{http://www.w3.org/2005/Atom}name' at 0x7f8ba7054bf0>, <Element '{http://www.w3.org/2005/Atom}name' at 0x7f8ba7054d10>]",cs.DB
http://arxiv.org/abs/1912.07547v1,Learning Hidden Dynamics using Intelligent Automatic Differentiation,"  Many engineering problems involve learning hidden dynamics from indirect
observations, where the physical processes are described by systems of partial
differential equations (PDE). Gradient-based optimization methods are
considered scalable and efficient to learn hidden dynamics. However, one of the
most time-consuming and error-prone tasks is to derive and implement the
gradients, especially in systems of PDEs where gradients from different systems
must be correctly integrated together. To that purpose, we present a novel
technique, called intelligent automatic differentiation (IAD), to leverage the
modern machine learning tool $\texttt{TensorFlow}$ for computing gradients
automatically and conducting optimization efficiently. Moreover, IAD allows us
to integrate specially designed state adjoint method codes to achieve better
performance. Numerical tests demonstrate the feasibility of IAD for learning
hidden dynamics in complicated systems of PDEs; additionally, by incorporating
custom built state adjoint method codes in IAD, we significantly accelerate the
forward and inverse simulation.
",2019-12-16T17:53:05Z,"[<Element '{http://www.w3.org/2005/Atom}name' at 0x7f8ba70ba470>, <Element '{http://www.w3.org/2005/Atom}name' at 0x7f8ba70ba590>, <Element '{http://www.w3.org/2005/Atom}name' at 0x7f8ba70ba710>, <Element '{http://www.w3.org/2005/Atom}name' at 0x7f8ba70ba8f0>]",math.NA
http://arxiv.org/abs/1504.03131v1,A Conversation with Richard A. Olshen,"  Richard Olshen was born in Portland, Oregon, on May 17, 1942. Richard spent
his early years in Chevy Chase, Maryland, but has lived most of his life in
California. He received an A.B. in Statistics at the University of California,
Berkeley, in 1963, and a Ph.D. in Statistics from Yale University in 1966,
writing his dissertation under the direction of Jimmie Savage and Frank
Anscombe. He served as Research Staff Statistician and Lecturer at Yale in
1966-1967. Richard accepted a faculty appointment at Stanford University in
1967, and has held tenured faculty positions at the University of Michigan
(1972-1975), the University of California, San Diego (1975-1989), and Stanford
University (since 1989). At Stanford, he is Professor of Health Research and
Policy (Biostatistics), Chief of the Division of Biostatistics (since 1998) and
Professor (by courtesy) of Electrical Engineering and of Statistics. At various
times, he has had visiting faculty positions at Columbia, Harvard, MIT,
Stanford and the Hebrew University. Richard's research interests are in
statistics and mathematics and their applications to medicine and biology. Much
of his work has concerned binary tree-structured algorithms for classification,
regression, survival analysis and clustering. Those for classification and
survival analysis have been used with success in computer-aided diagnosis and
prognosis, especially in cardiology, oncology and toxicology. He coauthored the
1984 book Classification and Regression Trees (with Leo Brieman, Jerome
Friedman and Charles Stone) which gives motivation, algorithms, various
examples and mathematical theory for what have come to be known as CART
algorithms. The approaches to tree-structured clustering have been applied to
problems in digital radiography (with Stanford EE Professor Robert Gray) and to
HIV genetics, the latter work including studies on single nucleotide
polymorphisms, which has helped to shed light on the presence of hypertension
in certain subpopulations of women.
",2015-04-13T11:14:57Z,[<Element '{http://www.w3.org/2005/Atom}name' at 0x7f8ba70a6170>],stat.OT
http://arxiv.org/abs/2009.05918v1,"Integrated Cooling (i-Cool) Textile of Heat Conduction and Sweat
  Transportation for Personal Perspiration Management","  Perspiration evaporation plays an indispensable role in human body heat
dissipation. However, conventional textiles show limited perspiration
management capability in moderate/profuse perspiration scenarios, i.e. low
evaporation ability, ineffective evaporative cooling effect, and resultant
human body dehydration and electrolyte disorder. Here, we propose a novel
concept of integrated cooling (i-Cool) textile of heat conduction and sweat
transportation for personal perspiration management based on unique functional
structure design. By integrating heat conductive pathways and water transport
channels decently, this textile not only shows the capability of liquid water
wicking, but also exhibits superior evaporation rate than traditional textiles.
Furthermore, compared with cotton, about 2.8 $^\circ$C cooling effect causing
less than one third amount of dehydration has also been demonstrated on the
artificial sweating skin platform with feedback control loop simulating human
body perspiration situation. Moreover, the practical application feasibility of
the i-Cool textile design principles has been validated as well. Owing to its
exceptional personal perspiration management performance in liquid water
wicking, fast evaporation, efficient cooling effect and reduced human body
dehydration/electrolyte loss, we expect this i-Cool textile provides promising
design guidelines for next-generation personal perspiration management textile.
",2020-09-13T04:41:06Z,"[<Element '{http://www.w3.org/2005/Atom}name' at 0x7f8ba70a6950>, <Element '{http://www.w3.org/2005/Atom}name' at 0x7f8ba70a6a70>, <Element '{http://www.w3.org/2005/Atom}name' at 0x7f8ba70a6b90>, <Element '{http://www.w3.org/2005/Atom}name' at 0x7f8ba70a6cb0>, <Element '{http://www.w3.org/2005/Atom}name' at 0x7f8ba70a6e30>, <Element '{http://www.w3.org/2005/Atom}name' at 0x7f8ba70a6f50>, <Element '{http://www.w3.org/2005/Atom}name' at 0x7f8ba70c9830>, <Element '{http://www.w3.org/2005/Atom}name' at 0x7f8ba70c9dd0>, <Element '{http://www.w3.org/2005/Atom}name' at 0x7f8ba70c9fb0>, <Element '{http://www.w3.org/2005/Atom}name' at 0x7f8ba70c9e30>, <Element '{http://www.w3.org/2005/Atom}name' at 0x7f8ba70c9cb0>, <Element '{http://www.w3.org/2005/Atom}name' at 0x7f8ba70c9b90>, <Element '{http://www.w3.org/2005/Atom}name' at 0x7f8ba70c9a70>, <Element '{http://www.w3.org/2005/Atom}name' at 0x7f8ba70c97d0>, <Element '{http://www.w3.org/2005/Atom}name' at 0x7f8ba70c9650>, <Element '{http://www.w3.org/2005/Atom}name' at 0x7f8ba70c9530>]",physics.app-ph
http://arxiv.org/abs/hep-ph/9908492v1,Perspectives of Light-Front Quantized Field Theory: Some New Results,"  Some basic topics in the light-front (LF) quantization of relativistic field
theory are reviewed. It is argued that the LF quantization is equally
appropriate as the conventional one and that they lead, assuming the micro-
causality principle, to the same physical content. This is confirmed in the
studies on the LF of the spontaneous symmetry breaking (SSB), of the degenerate
vacua in Schwinger model (SM) and Chiral SM (CSM), of the chiral boson theory,
and of the QCD in covariant gauges among others. The discussion on the LF is
more economical and more transparent. In the context of the Dyson-Wick pertur-
bation theory the relevant popagators in the front form theory are causal. The
Wick rotation can then be performed to employ the Euclidean space integrals in
momentum space. The lack of manifest covariance becomes tractable, and still
more so if we employ, as discussed in the text, the Fourier transform of the
fermionic field based on a special construction of the LF spinor. The fact that
the hyperplanes $x^{pm}=0$ constitute characteristic surfaces of the hyper-
bolic partial differential equation is found irrelevant in the quantized
theory.
",1999-08-28T02:24:00Z,[<Element '{http://www.w3.org/2005/Atom}name' at 0x7f8ba70b42f0>],hep-ph
http://arxiv.org/abs/0905.1883v1,Cascade multiterminal source coding,"  We investigate distributed source coding of two correlated sources X and Y
where messages are passed to a decoder in a cascade fashion. The encoder of X
sends a message at rate R_1 to the encoder of Y. The encoder of Y then sends a
message to the decoder at rate R_2 based both on Y and on the message it
received about X. The decoder's task is to estimate a function of X and Y. For
example, we consider the minimum mean squared-error distortion when encoding
the sum of jointly Gaussian random variables under these constraints. We also
characterize the rates needed to reconstruct a function of X and Y losslessly.
  Our general contribution toward understanding the limits of the cascade
multiterminal source coding network is in the form of inner and outer bounds on
the achievable rate region for satisfying a distortion constraint for an
arbitrary distortion function d(x,y,z). The inner bound makes use of a balance
between two encoding tactics--relaying the information about X and
recompressing the information about X jointly with Y. In the Gaussian case, a
threshold is discovered for identifying which of the two extreme strategies
optimizes the inner bound. Relaying outperforms recompressing the sum at the
relay for some rate pairs if the variance of X is greater than the variance of
Y.
",2009-05-12T16:13:58Z,"[<Element '{http://www.w3.org/2005/Atom}name' at 0x7f8ba70b4a70>, <Element '{http://www.w3.org/2005/Atom}name' at 0x7f8ba70b4b90>, <Element '{http://www.w3.org/2005/Atom}name' at 0x7f8ba70b4cb0>]",cs.IT
http://arxiv.org/abs/1102.1206v1,"LES of turbulent convection in solar-type stars and formation of
  large-scale magnetic structures","  In this study we investigate the effects of turbulent convection on formation
of large-scale inhomogeneous magnetic structures by means of Large-Eddy
Simulation (LES) for convection in solar-type stars. The main idea of this
study is the implementation of a new subgrid-scale model for the effective
Lorentz force in a three-dimensional nonlinear radiative magnetohydrodynamics
(MHD) code developed for simulating the upper solar convection zone and lower
atmosphere. To this end we derived the energy budget equations, which include
the effects of the subgrid-scale turbulence on the Lorentz-force, and
implemented the new subgrid-scale turbulence model (TELF-Model) in a
three-dimensional nonlinear MHD LES code. Using imposed initial vertical and
horizontal uniform magnetic fields in LES with the TELF-Model, we have shown
that the magnetic flux tubes formation is started when the initial mean
magnetic field is larger than a threshold value (about 100 G). This is in
agreement with the theoretical studies by Rogachevskii and Kleeorin (2007). We
have determined the vertical profiles of the velocity and magnetic
fluctuations, total MHD energy and anisotropy of turbulent magneto-convection,
kinetic and current and cross helicities.
",2011-02-06T22:22:18Z,"[<Element '{http://www.w3.org/2005/Atom}name' at 0x7f8ba70af4d0>, <Element '{http://www.w3.org/2005/Atom}name' at 0x7f8ba70af5f0>, <Element '{http://www.w3.org/2005/Atom}name' at 0x7f8ba70af710>, <Element '{http://www.w3.org/2005/Atom}name' at 0x7f8ba70af830>, <Element '{http://www.w3.org/2005/Atom}name' at 0x7f8ba70af950>, <Element '{http://www.w3.org/2005/Atom}name' at 0x7f8ba70afa70>]",astro-ph.SR
http://arxiv.org/abs/1410.1193v1,"redMaPPer IV: Photometric Membership Identification of Cluster Galaxies
  with 1% Precision","  In order to study the galaxy population of galaxy clusters with photometric
data one must be able to accurately discriminate between cluster members and
non-members. The redMaPPer cluster finding algorithm treats this problem
probabilistically. Here, we utilize SDSS and GAMA spectroscopic membership
rates to validate the redMaPPer membership probability estimates for clusters
with $z\in[0.1,0.3]$. We find small - but correctable - biases, sourced by
three different systematics. The first two were expected a priori, namely blue
cluster galaxies and correlated structure along the line of sight. The third
systematic is new: the redMaPPer template fitting exhibits a non-trivial
dependence on photometric noise, which biases the original redMaPPer
probabilities when utilizing noisy data. After correcting for these effects, we
find exquisite agreement ($\approx 1\%$) between the photometric probability
estimates and the spectroscopic membership rates, demonstrating that we can
robustly recover cluster membership estimates from photometric data alone. As a
byproduct of our analysis we find that on average unavoidable projection
effects from correlated structure contribute $\approx 6\%$ of the richness of a
redMaPPer galaxy cluster. This work also marks the second public release of the
SDSS redMaPPer cluster catalog.
",2014-10-05T19:06:15Z,"[<Element '{http://www.w3.org/2005/Atom}name' at 0x7f8ba70a8d10>, <Element '{http://www.w3.org/2005/Atom}name' at 0x7f8ba70a8fb0>, <Element '{http://www.w3.org/2005/Atom}name' at 0x7f8ba70a8e90>, <Element '{http://www.w3.org/2005/Atom}name' at 0x7f8ba70a8cb0>, <Element '{http://www.w3.org/2005/Atom}name' at 0x7f8ba70a8c50>]",astro-ph.CO
http://arxiv.org/abs/1410.6485v1,Turbulent Heating in Galaxy Clusters Brightest in X-rays,"  The hot, X-ray-emitting intracluster medium (ICM) is the dominant baryonic
constituent of clusters of galaxies. In the cores of many clusters, radiative
energy losses from the ICM occur on timescales significantly shorter than the
age of the system. Unchecked, this cooling would lead to massive accumulations
of cold gas and vigorous star formation, in contradiction to observations.
Various sources of energy capable of compensating these cooling losses have
been proposed, the most promising being heating by the supermassive black holes
in the central galaxies through inflation of bubbles of relativistic plasma.
Regardless of the original source of energy, the question of how this energy is
transferred to the ICM has remained open. Here we present a plausible solution
to this question based on deep Chandra X-ray observatory data and a new
data-analysis method that enables us to evaluate directly the ICM heating rate
due to the dissipation of turbulence. We find that turbulent heating is
sufficient to offset radiative cooling and indeed appears to balance it locally
at each radius - it might therefore be the key element in resolving the gas
cooling problem in cluster cores and, more universally, in atmospheres of X-ray
gas-rich systems.
",2014-10-23T20:00:07Z,"[<Element '{http://www.w3.org/2005/Atom}name' at 0x7f8ba70a81d0>, <Element '{http://www.w3.org/2005/Atom}name' at 0x7f8ba70a80b0>, <Element '{http://www.w3.org/2005/Atom}name' at 0x7f8ba70910b0>, <Element '{http://www.w3.org/2005/Atom}name' at 0x7f8ba70911d0>, <Element '{http://www.w3.org/2005/Atom}name' at 0x7f8ba70912f0>, <Element '{http://www.w3.org/2005/Atom}name' at 0x7f8ba7091410>, <Element '{http://www.w3.org/2005/Atom}name' at 0x7f8ba7091530>, <Element '{http://www.w3.org/2005/Atom}name' at 0x7f8ba7091650>, <Element '{http://www.w3.org/2005/Atom}name' at 0x7f8ba7091770>, <Element '{http://www.w3.org/2005/Atom}name' at 0x7f8ba7091890>, <Element '{http://www.w3.org/2005/Atom}name' at 0x7f8ba70919b0>, <Element '{http://www.w3.org/2005/Atom}name' at 0x7f8ba7091ad0>]",astro-ph.HE
http://arxiv.org/abs/1705.06495v3,"Comment on ""Measurements without probabilities in the final state
  proposal""","  The final state proposal [G.T. Horowitz and J.M. Maldacena, J. High Energy
Phys. 2004(2), 8 (2004)] is an attempt to relax the apparent tension between
string theory and semiclassical arguments regarding the unitarity of black hole
evaporation. The authors of [R. Bousso and D. Stanford, Phys. Rev. D 89, 044038
(2014)] analyze thought experiments where an infalling observer first verifies
the entanglement between early and late Hawking modes and then verifies the
interior purification of the same Hawking particle. They claim that
""probabilities for outcomes of these measurements are not defined"" and
therefore suggest that ""the final state proposal does not offer a consistent
alternative to the firewall hypothesis."" We show, in contrast, that one may
define all the relevant probabilities based on the so-called ABL rule [Y.
Aharonov, P.G. Bergmann, and J.L. Lebowitz, Phys. Rev. 134, 1410 (1964)], which
is better suited for this task than the decoherence functional. We thus assert
that the analysis of Bousso and Stanford cannot yet rule out the final state
proposal.
",2017-05-18T09:39:28Z,"[<Element '{http://www.w3.org/2005/Atom}name' at 0x7f8ba70942f0>, <Element '{http://www.w3.org/2005/Atom}name' at 0x7f8ba70943b0>]",quant-ph
http://arxiv.org/abs/1707.02304v1,"Gas perturbations in cool cores of galaxy clusters: effective equation
  of state, velocity power spectra and turbulent heating","  We present the statistical analysis of X-ray surface brightness and gas
density fluctuations in cool cores of ten, nearby and bright galaxy clusters
that have deep Chandra observations and show observational indications of
radio-mechanical AGN feedback. Within the central parts of cool cores the total
variance of fluctuations is dominated by isobaric and/or isothermal
fluctuations on spatial scales ~ 10-60 kpc, which are likely associated with
slow gas motions and bubbles of relativistic plasma. Adiabatic fluctuations
associated with weak shocks constitute less than 10 per cent of the total
variance in all clusters. The typical amplitude of density fluctuations is
small, ~ 10 per cent or less on scales of ~ 10-15 kpc. Subdominant contribution
of adiabatic fluctuations and small amplitude of density fluctuations support a
model of gentle AGN feedback as opposed to periodically explosive scenarios
which are implemented in some numerical simulations. Measured one-component
velocities of gas motions are typically below 100-150 km/s on scales < 50 kpc,
and can be up to ~ 300 km/s on ~ 100 kpc scales. The non-thermal energy is < 12
per cent of the thermal energy. Regardless of the source that drives these
motions the dissipation of the energy in such motions provides heat that is
sufficient to balance radiative cooling on average, albeit the uncertainties
are large. Presented results here support previous conclusions based on the
analysis of the Virgo and Perseus Clusters, and agree with the Hitomi
measurements. With next generation observatories like Athena and Lynx, these
techniques will be yet more powerful.
",2017-07-07T18:00:01Z,"[<Element '{http://www.w3.org/2005/Atom}name' at 0x7f8ba7094bf0>, <Element '{http://www.w3.org/2005/Atom}name' at 0x7f8ba7094d10>, <Element '{http://www.w3.org/2005/Atom}name' at 0x7f8ba7094e30>, <Element '{http://www.w3.org/2005/Atom}name' at 0x7f8ba7094f50>]",astro-ph.HE
http://arxiv.org/abs/1708.02912v1,"KeyXtract Twitter Model - An Essential Keywords Extraction Model for
  Twitter Designed using NLP Tools","  Since a tweet is limited to 140 characters, it is ambiguous and difficult for
traditional Natural Language Processing (NLP) tools to analyse. This research
presents KeyXtract which enhances the machine learning based Stanford CoreNLP
Part-of-Speech (POS) tagger with the Twitter model to extract essential
keywords from a tweet. The system was developed using rule-based parsers and
two corpora. The data for the research was obtained from a Twitter profile of a
telecommunication company. The system development consisted of two stages. At
the initial stage, a domain specific corpus was compiled after analysing the
tweets. The POS tagger extracted the Noun Phrases and Verb Phrases while the
parsers removed noise and extracted any other keywords missed by the POS
tagger. The system was evaluated using the Turing Test. After it was tested and
compared against Stanford CoreNLP, the second stage of the system was developed
addressing the shortcomings of the first stage. It was enhanced using Named
Entity Recognition and Lemmatization. The second stage was also tested using
the Turing test and its pass rate increased from 50.00% to 83.33%. The
performance of the final system output was measured using the F1 score.
Stanford CoreNLP with the Twitter model had an average F1 of 0.69 while the
improved system had a F1 of 0.77. The accuracy of the system could be improved
by using a complete domain specific corpus. Since the system used linguistic
features of a sentence, it could be applied to other NLP tools.
",2017-08-09T17:04:34Z,"[<Element '{http://www.w3.org/2005/Atom}name' at 0x7f8ba70bd7d0>, <Element '{http://www.w3.org/2005/Atom}name' at 0x7f8ba70bd890>, <Element '{http://www.w3.org/2005/Atom}name' at 0x7f8ba70bd950>]",cs.CL
http://arxiv.org/abs/1908.09077v3,"A Pilot Design for Observational Studies: Using Abundant Data
  Thoughtfully","  Observational studies often benefit from an abundance of observational units.
This can lead to studies that -- while challenged by issues of internal
validity -- have inferences derived from sample sizes substantially larger than
randomized controlled trials. But is the information provided by an
observational unit best used in the analysis phase? We propose the use of
`pilot design,' in which observations are expended in the design phase of the
study, and the post-treatment information from these observations is used to
improve study design. In modern observational studies, which are data rich but
control poor, pilot designs can be used to gain information about the structure
of post-treatment variation. This information can then be used to improve
instrumental variable designs, propensity score matching, doubly-robust
estimation, and other observational study designs.
  We illustrate one version of a pilot design, which aims to reduce within-set
heterogeneity and improve performance in sensitivity analyses. This version of
a pilot design expends observational units during the design phase to fit a
prognostic model, avoiding concerns of overfitting. Additionally, it enables
the construction of `Assignment-Control (AC) plots,' which visualize the
relationship between propensity and prognostic scores. We first show some
examples of these plots, then we demonstrate in a simulation setting how this
alternative use of the observations can lead to gains in terms of both
treatment effect estimation and sensitivity analyses of unobserved confounding.
",2019-08-24T02:42:18Z,"[<Element '{http://www.w3.org/2005/Atom}name' at 0x7f8ba70bdfb0>, <Element '{http://www.w3.org/2005/Atom}name' at 0x7f8ba71491d0>, <Element '{http://www.w3.org/2005/Atom}name' at 0x7f8ba7149350>]",stat.ME
http://arxiv.org/abs/1912.07552v2,"Coupled Time-lapse Full Waveform Inversion for Subsurface Flow Problems
  using Intrusive Automatic Differentiation","  We describe a novel framework for estimating subsurface properties, such as
rock permeability and porosity, from time-lapse observed seismic data by
coupling full-waveform inversion, subsurface flow processes, and rock physics
models. For the inverse modeling, we handle the back-propagation of gradients
by an intrusive automatic differentiation strategy that offers three levels of
user control: (1) at the wave physics level, we adopted the discrete adjoint
method in order to use our existing high-performance FWI code; (2) at the rock
physics level, we used built-in operators from the $\texttt{TensorFlow}$
backend; (3) at the flow physics level, we implemented customized PDE operators
for the potential and nonlinear saturation equations. These three levels of
gradient computation strike a good balance between computational efficiency and
programming efficiency, and when chained together, constitute a coupled inverse
system. We use numerical experiments to demonstrate that (1) the three-level
coupled inverse problem is superior in terms of accuracy to a traditional
decoupled inversion strategy; (2) it is able to simultaneously invert for
parameters in empirical relationships such as the rock physics models; and (3)
the inverted model can be used for reservoir performance prediction and
reservoir management/optimization purposes.
",2019-12-16T17:58:42Z,"[<Element '{http://www.w3.org/2005/Atom}name' at 0x7f8ba7149a70>, <Element '{http://www.w3.org/2005/Atom}name' at 0x7f8ba7149bf0>, <Element '{http://www.w3.org/2005/Atom}name' at 0x7f8ba7149d10>, <Element '{http://www.w3.org/2005/Atom}name' at 0x7f8ba7149ef0>]",physics.geo-ph
http://arxiv.org/abs/2003.00390v1,"Detective quantum efficiency of photon-counting CdTe and Si detectors
  for computed tomography: a simulation study","  Purpose: Developing photon-counting CT detectors requires understanding the
impact of parameters such as converter material, absorption length and pixel
size. We apply a novel linear-systems framework, incorporating spatial and
energy resolution, to study realistic silicon (Si) and cadmium telluride (CdTe)
detectors at low count rate. Approach: We compared CdTe detector designs with
$0.5\times0.5\; \mathrm{mm}^2$ and $0.225\times0.225\; \mathrm{mm}^2$ pixels
and Si detector designs with $0.5\times0.5\; \mathrm{mm}^2$ pixels of 30 and 60
mm active absorption length, with and without tungsten scatter blockers.
Monte-Carlo simulations of photon transport were used together with Gaussian
charge sharing models fitted to published data. Results: For detection in a 300
mm thick object at 120 kVp, the 0.5 mm and 0.225 mm pixel CdTe systems have
28-41 $\%$ and 5-29 $\%$ higher DQE, respectively, than the 60 mm Si system
with tungsten, whereas the corresponding numbers for two-material decomposition
are 2 $\%$ lower to 11 $\%$ higher DQE and 31-54 $\%$ lower DQE compared to Si.
We also show that combining these detectors with dual-spectrum acquisition is
beneficial. Conclusions: In the low-count-rate regime, CdTe detector systems
outperform the Si systems for detection tasks, while silicon outperforms one or
both of the CdTe systems for material decomposition.
",2020-03-01T03:39:44Z,"[<Element '{http://www.w3.org/2005/Atom}name' at 0x7f8ba71426b0>, <Element '{http://www.w3.org/2005/Atom}name' at 0x7f8ba7142890>, <Element '{http://www.w3.org/2005/Atom}name' at 0x7f8ba7142a10>]",physics.med-ph
http://arxiv.org/abs/2003.10534v1,"A new paradigm for accelerating clinical data science at Stanford
  Medicine","  Stanford Medicine is building a new data platform for our academic research
community to do better clinical data science. Hospitals have a large amount of
patient data and researchers have demonstrated the ability to reuse that data
and AI approaches to derive novel insights, support patient care, and improve
care quality. However, the traditional data warehouse and Honest Broker
approaches that are in current use, are not scalable. We are establishing a new
secure Big Data platform that aims to reduce time to access and analyze data.
In this platform, data is anonymized to preserve patient data privacy and made
available preparatory to Institutional Review Board (IRB) submission.
Furthermore, the data is standardized such that analysis done at Stanford can
be replicated elsewhere using the same analytical code and clinical concepts.
Finally, the analytics data warehouse integrates with a secure data science
computational facility to support large scale data analytics. The ecosystem is
designed to bring the modern data science community to highly sensitive
clinical data in a secure and collaborative big data analytics environment with
a goal to enable bigger, better and faster science.
",2020-03-17T16:21:42Z,"[<Element '{http://www.w3.org/2005/Atom}name' at 0x7f8ba7126170>, <Element '{http://www.w3.org/2005/Atom}name' at 0x7f8ba7126230>, <Element '{http://www.w3.org/2005/Atom}name' at 0x7f8ba71262f0>, <Element '{http://www.w3.org/2005/Atom}name' at 0x7f8ba71263b0>, <Element '{http://www.w3.org/2005/Atom}name' at 0x7f8ba7126470>, <Element '{http://www.w3.org/2005/Atom}name' at 0x7f8ba7126530>, <Element '{http://www.w3.org/2005/Atom}name' at 0x7f8ba71265f0>, <Element '{http://www.w3.org/2005/Atom}name' at 0x7f8ba71266b0>, <Element '{http://www.w3.org/2005/Atom}name' at 0x7f8ba7126770>, <Element '{http://www.w3.org/2005/Atom}name' at 0x7f8ba7126830>]",cs.CY
http://arxiv.org/abs/astro-ph/9410039v1,Stationary Universe Model: Inputs and Outputs,"  This is the text of a talk given at the Rome Conference ""The Birth of the
Universe and Fundemental Physics"", May, 1994. We present the recent progress
achieved in collaboration with A.Linde and D.Linde towards understanding the
true nature of the global spatial structure of the universe as well as the most
general stationary characteristics of its time-dependent state with eternally
growing total volume.
",1994-10-13T04:45:12Z,[<Element '{http://www.w3.org/2005/Atom}name' at 0x7f8ba7126f50>],astro-ph
http://arxiv.org/abs/astro-ph/9612129v1,Sensitivity of Gamma-Ray Detectors to Polarization,"  Previous studies have shown that the largest gamma-ray detector to date,
EGRET, does not have useful polarization sensitivity. We have explored here
some improved approaches to analyzing gamma-ray pair production events, leading
to important gains in sensitivity to polarization. The performance of the next
generation gamma-ray instrument GLAST is investigated using a detailed Monte
Carlo simulation of the complete detector.
",1996-12-13T00:53:06Z,[<Element '{http://www.w3.org/2005/Atom}name' at 0x7f8ba714e7d0>],astro-ph
http://arxiv.org/abs/astro-ph/9904062v1,Cosmic Background Radiation Polarization Experiments,"  A handful of new experiments aimed at measuring the as-yet-undetected
polarization of the cosmic background radiation are described, with somewhat
more detail given for three experiments with which the authors are are
associated.
",1999-04-05T23:25:04Z,"[<Element '{http://www.w3.org/2005/Atom}name' at 0x7f8ba714ee90>, <Element '{http://www.w3.org/2005/Atom}name' at 0x7f8ba714efb0>, <Element '{http://www.w3.org/2005/Atom}name' at 0x7f8ba714bf50>]",astro-ph
http://arxiv.org/abs/astro-ph/0101382v1,Blazars,"  In our review of the blazar phenomenon, we discuss blazar models, with a
focus on the following issues: sub-parsec jets and their environment; energy
dissipation and particle acceleration; and radiative processes.
",2001-01-22T15:39:40Z,"[<Element '{http://www.w3.org/2005/Atom}name' at 0x7f8ba714ba10>, <Element '{http://www.w3.org/2005/Atom}name' at 0x7f8ba714b950>]",astro-ph
http://arxiv.org/abs/astro-ph/0310731v1,Electrodynamics of pulsar magnetospheres,"  I review the theoretical understanding of the global structure of pulsar
magnetospheres concentrating on recent progress in force-free electrodynamics
and first-principles simulations of magnetospheres.
",2003-10-25T02:34:12Z,[<Element '{http://www.w3.org/2005/Atom}name' at 0x7f8ba7144170>],astro-ph
http://arxiv.org/abs/astro-ph/0403428v1,"Polarization of pulsar radiation in the two-pole caustic model and in
  the outer gap model","  We present linear polarization characteristics of pulsar radiation as
predicted by two models of high-energy radiation from extended regions in the
outer magnetosphere: the recently proposed two-pole caustic model, and the
outer gap model.
",2004-03-17T23:28:32Z,"[<Element '{http://www.w3.org/2005/Atom}name' at 0x7f8ba71447d0>, <Element '{http://www.w3.org/2005/Atom}name' at 0x7f8ba7144890>, <Element '{http://www.w3.org/2005/Atom}name' at 0x7f8ba7144950>]",astro-ph
http://arxiv.org/abs/astro-ph/0406321v2,"Orbital Modulation of the Apparent Dispersion Measure Towards PSR
  J0737-3039A","  The paper was withdrawn because the effect is due to the data reduction
methodology. See the text file for details.
",2004-06-14T17:33:51Z,"[<Element '{http://www.w3.org/2005/Atom}name' at 0x7f8ba7144fb0>, <Element '{http://www.w3.org/2005/Atom}name' at 0x7f8ba711b110>, <Element '{http://www.w3.org/2005/Atom}name' at 0x7f8ba711b230>, <Element '{http://www.w3.org/2005/Atom}name' at 0x7f8ba711b350>, <Element '{http://www.w3.org/2005/Atom}name' at 0x7f8ba711b470>, <Element '{http://www.w3.org/2005/Atom}name' at 0x7f8ba711b590>, <Element '{http://www.w3.org/2005/Atom}name' at 0x7f8ba711b6b0>]",astro-ph
http://arxiv.org/abs/cmp-lg/9406001v1,Intentions and Information in Discourse,"  This paper is about the flow of inference between communicative intentions,
discourse structure and the domain during discourse processing. We augment a
theory of discourse interpretation with a theory of distinct mental attitudes
and reasoning about them, in order to provide an account of how the attitudes
interact with reasoning about discourse structure.
",1994-06-01T09:58:55Z,"[<Element '{http://www.w3.org/2005/Atom}name' at 0x7f8ba711bd70>, <Element '{http://www.w3.org/2005/Atom}name' at 0x7f8ba711bef0>]",cmp-lg
http://arxiv.org/abs/cmp-lg/9506023v1,Empirical Discovery in Linguistics,"  A discovery system for detecting correspondences in data is described, based
on the familiar induction methods of J. S. Mill. Given a set of observations,
the system induces the ``causally'' related facts in these observations. Its
application to empirical linguistic discovery is described.
",1995-06-26T16:45:09Z,[<Element '{http://www.w3.org/2005/Atom}name' at 0x7f8ba71376b0>],cmp-lg
http://arxiv.org/abs/cond-mat/9705049v1,Is the pi-particle responsible for the 41 meV peak in YBa_2Cu_3O_7?,"  It is argued that there is no low-energy resonance associated with the
pi-operators introduced by Demler and Zhang. This implies that the Hubbard
model does not possess an approximate SO(5) symmetry generated by these
operators. Recent finite-size studies are re-interpreted accordingly.
",1997-05-06T20:32:10Z,[<Element '{http://www.w3.org/2005/Atom}name' at 0x7f8ba7137d70>],cond-mat.supr-con
http://arxiv.org/abs/cond-mat/9804002v3,"The two-leg t-J ladder: a spin liquid generated by Gutzwiller projection
  of magnetic bands","  The ground state of the two-leg Heisenberg ladder is identified as an RVB
type spin liquid, which is generated by Gutzwiller projection of tight-binding
bands with flux pi per plaquet. Explicit trial wave functions for the magnon
and hole excitations are formulated in terms of spinons and holons.
",1998-04-01T23:30:09Z,[<Element '{http://www.w3.org/2005/Atom}name' at 0x7f8ba71235f0>],cond-mat.str-el
